390,150,36,2,1,67.16401216893341
722,482,133,1,1,66.82847172512525
668,428,523,2,1,67.21993557623479
520,280,609,2,1,67.71392567406346
370,130,625,1,1,67.57411715581006
460,220,640,0,1,67.2385767120019
730,490,646,0,1,66.52089298496779
341,101,705,0,1,66.26923765211166
586,346,1009,1,1,68.31044201861131
857,617,1033,1,1,62.084302672393214
377,137,1041,0,1,67.55547602004295
408,168,1133,0,1,67.12672989739917
620,380,1227,0,1,68.32908315437842
231,471,1248,1,0,68.28248031496062
742,502,1314,2,1,67.53683488427582
353,113,1376,2,1,66.13874970174182
625,385,1486,1,1,65.98962061560486
866,596,1567,0,1,65.37653437259735
387,147,1609,1,1,67.96558100691958
538,298,1673,2,1,65.53291278931042
600,360,1819,0,1,66.80051002147458
815,575,2083,0,1,67.48091147697447
516,756,2132,0,0,64.37716237174898
307,547,2151,1,0,68.04946611787162
487,247,2182,0,1,68.09606895728942
547,307,2197,1,1,68.21723633977571
642,402,2484,2,1,68.16131293247435
763,523,2518,0,1,65.5142716535433
915,645,2639,0,1,60.52983907314616
705,465,2664,0,1,66.94963910761155
256,496,2698,0,0,68.18927463612502
496,256,2734,1,1,67.90965759961823
407,167,2751,1,1,67.13605046528274
168,408,2822,0,0,66.24127594846098
440,200,2951,0,1,67.54615545215938
411,171,3013,2,1,68.46889167263183
472,712,3053,2,0,68.76714984490575
142,382,3071,1,0,68.22655690765926
448,238,3413,1,1,68.20525275249683
419,659,3425,0,0,66.5395341207349
665,455,3769,2,1,67.72590926134232
456,666,3812,2,0,68.83372532978832
698,458,3971,1,1,66.32516105941302
493,253,4261,2,1,66.66070150322118
553,823,4276,0,0,61.39147379304858
527,287,4489,1,1,67.27585898353614
768,498,4578,0,1,65.492523661815
348,588,4581,2,0,67.21061500835123
829,559,4597,2,1,62.74192051751106
559,799,4629,1,0,65.53291278931042
500,740,4646,2,0,66.87507456454306
561,831,4721,0,0,60.25643574856173
839,569,5175,2,1,62.94075929902701
301,511,5270,0,0,65.33984388315096
575,845,5533,0,0,61.19263501153264
427,667,5638,1,0,68.0308249821045
492,282,5935,2,1,68.85502948495073
435,195,6078,2,1,66.86575399665949
377,617,6196,0,0,67.15469160104986
467,707,6226,1,0,69.50347470770699
708,468,6265,2,1,67.45294977332378
798,528,6303,1,1,64.97885680956546
649,439,6322,2,1,68.12003613184714
770,530,6385,1,1,65.66340073968026
560,320,6425,1,1,66.61409866380338
686,446,6732,2,1,69.20521653543307
334,574,7227,2,0,66.60477809591981
784,544,7245,1,1,65.92437664041995
634,394,7256,0,1,68.25451861130993
577,337,7403,2,1,68.86035552374135
278,518,7469,0,0,68.86035552374135
399,639,7526,1,0,67.25721784776903
282,522,7729,1,0,67.49023204485802
764,524,7819,1,1,65.7938886900501
315,525,7872,1,0,67.61938848553021
886,616,7926,0,1,62.39395264985816
646,406,7954,1,1,69.8017328799809
646,406,7978,2,1,67.91897816750178
558,828,8098,1,1,65.56708820488348
589,349,8123,0,1,67.60207885946075
262,472,8290,0,0,67.91764665780413
477,717,8617,1,0,67.95626043903601
510,270,8781,1,1,68.87899665950846
544,814,8988,2,0,60.05759696704578
668,428,9244,1,1,67.59275829157718
313,553,9539,1,0,67.78849021713194
526,286,9701,0,1,67.85373419231686
530,770,9987,1,0,69.23317823908374
351,561,10019,0,0,69.0148106486689
741,501,10046,0,1,67.46227034120734
353,593,10147,0,0,67.55547602004295
508,748,10485,0,0,66.55817525650203
450,690,10580,0,0,67.48091147697447
510,300,10601,1,1,68.78046494188226
810,540,10608,2,1,64.30777592194914
631,391,10641,0,1,67.11740932951562
334,574,10841,1,0,67.46227034120734
786,546,10995,0,1,66.7259454784061
518,758,11095,1,0,68.25451861130993
282,522,11293,1,0,66.74458661417322
585,345,11505,0,1,68.2638391791935
772,532,11951,0,1,65.47698938200905
715,475,12126,0,1,67.83509305654974
300,540,12466,1,0,67.30382068718681
782,542,12542,1,1,66.98692137914578
662,422,12583,1,1,67.24789727988546
844,604,12697,0,1,65.92437664041995
726,486,12803,0,1,69.46619243617275
580,310,13039,0,1,65.9979055648347
672,432,13121,1,1,66.86575399665949
794,554,13247,2,1,63.044321164399896
675,435,13309,2,1,67.92829873538534
616,406,13375,2,1,68.57807546783924
586,346,13401,2,1,67.97490157480314
857,587,13453,2,1,61.90514064529812
737,497,13466,1,1,66.12942913385827
678,468,13527,2,1,62.048351910556626
739,499,13613,0,1,68.31044201861131
321,561,13736,2,0,66.79118945359102
865,625,13916,0,1,63.845890002386064
416,626,14025,1,0,67.71525718376111
507,777,14041,2,0,61.53231792995572
419,629,14181,0,0,68.96155026076285
450,690,14252,1,0,67.8444136244333
634,394,14484,0,1,67.55547602004295
815,575,14542,1,1,63.65947864471485
697,457,14649,1,1,65.99894118348841
341,581,14895,2,0,66.94031853972798
432,642,14971,2,0,68.68459624365136
767,527,15284,2,1,65.36514256740634
919,649,15378,0,1,60.23986585010206
890,620,15458,0,1,60.75353270235159
711,471,15515,2,1,68.57141791935098
685,445,15806,0,1,65.99894118348841
539,809,16036,0,0,61.12635541769399
607,367,16525,1,1,67.59275829157718
847,607,16582,0,1,64.6754205440229
727,487,16586,1,1,66.92167740396086
850,610,16731,0,1,64.51697089000237
881,611,16771,1,1,60.670683210053284
821,551,16810,0,1,65.06170630186378
406,646,17098,0,0,68.02150441422094
857,587,17159,0,1,66.09732495559267
709,469,17314,0,1,65.82185039370079
801,561,17401,1,1,65.09484609878311
864,624,17637,0,1,63.67811978048197
505,745,17660,0,0,66.0735057265569
655,415,17689,1,1,67.73256680983057
512,752,18094,1,0,69.11201085659746
394,634,18244,1,0,66.97760081126222
676,406,18975,0,1,65.23569023569023
529,769,19150,1,0,68.29180088284417
543,813,20078,0,0,61.63173732071369
845,605,20220,2,1,62.02837926509186
703,463,20730,1,1,66.62341923168694
463,703,20763,1,0,67.83509305654974
677,437,20956,2,1,61.068360773085175
677,437,20990,0,1,67.49955261274158
498,738,21053,1,0,67.99354271057025
470,710,21175,1,0,67.41566750178954
531,771,21214,1,0,66.89371570031018
682,442,21298,1,1,67.62071999522786
503,773,21342,0,0,64.54803944961424
481,721,21843,0,0,67.04284478644715
466,706,22752,2,0,67.66732283464566
466,736,22800,0,0,66.41215302632625
737,497,22835,0,1,66.01758231925554
777,537,23486,0,1,66.0269028871391
757,517,24128,1,1,67.25721784776903
792,582,24450,0,1,67.54482394246173
774,504,25200,1,1,64.76344812958986
927,657,25401,0,1,60.21501100241257
790,520,26210,2,1,64.47347490654576
796,556,26576,0,1,65.86845323311857
797,557,26682,1,1,64.87115246957765
589,859,26783,1,0,61.6068824730242
837,567,29234,0,1,65.45109891566584
856,616,30540,0,1,65.75660641851586
901,631,31486,1,1,60.17358625626341
923,653,32919,0,1,60.32271534240037
810,600,56,0,1,68.02416743361624
721,481,89,1,1,67.02420365068002
121,361,102,1,0,67.76984908136482
333,573,250,2,0,68.27315974707706
334,94,292,1,1,66.08282629444047
485,725,354,1,0,68.42228883321403
636,906,405,0,0,61.54888782841538
276,516,410,0,0,68.06810725363874
488,728,538,1,0,68.67394416607014
343,583,784,2,0,68.78579098067286
794,554,871,0,1,66.73526604628965
586,346,986,0,1,67.90033703173467
199,409,1160,2,0,68.47155469202713
414,654,1456,0,0,67.49955261274158
895,625,1474,0,1,62.00456003605609
687,447,1612,1,1,67.1919738725841
690,450,1765,1,1,66.8191511572417
397,637,2187,0,0,68.92559949892626
759,519,2277,2,1,67.2851795514197
614,374,2575,0,1,68.81375268432355
914,644,2589,0,1,61.242344706911624
826,586,2691,0,1,66.2133142448103
166,406,2716,1,0,68.1240306609401
711,471,2972,1,1,68.02150441422094
564,324,3139,1,1,67.80713135289906
505,265,3212,0,1,67.57411715581006
656,446,3263,1,1,67.90699458022291
389,629,3434,2,0,67.86305476020041
479,719,3469,0,0,67.2385767120019
210,450,3477,2,0,67.62071999522786
272,512,3615,0,0,67.11740932951562
393,153,3644,1,1,66.69798377475541
552,792,4175,1,0,67.6580022667621
403,613,4260,2,0,62.65552033268568
644,884,4322,0,0,60.25747136721545
644,404,4323,2,1,67.32246182295394
287,527,4472,1,0,68.70190586972082
799,559,4592,2,1,64.13482760677643
620,410,4658,2,1,67.47025939939324
681,441,4722,2,1,68.61802075876878
653,413,4866,0,1,68.3570448580291
445,685,4930,1,0,68.60870019088523
896,626,5008,0,1,61.44118348842757
476,716,5022,2,0,67.35974409448818
901,631,5299,0,1,60.92751663617805
220,430,5810,0,0,69.25980843303677
345,555,6104,2,0,68.162644442172
438,678,6285,2,0,68.04014554998807
231,471,6446,1,0,66.67002207110474
651,441,6484,2,1,68.53546715751439
537,747,6807,0,0,64.2533319698674
388,628,6885,1,0,67.29450011930327
448,658,6894,1,0,68.3543818386338
868,598,6896,0,1,64.92914711418648
598,868,6899,0,0,62.03769983297542
690,450,6966,0,1,64.6288177046051
600,870,7014,0,0,61.838861051459475
873,603,7193,0,1,63.247302420530765
549,819,7550,1,0,64.1337919881227
490,730,7582,1,0,67.72324624194702
584,344,7816,1,1,67.90965759961823
285,525,7879,0,0,68.95356120257694
646,406,7940,1,1,68.86967609162491
496,736,7976,2,0,66.19467310904318
651,411,8238,1,1,68.50617394416606
802,562,8312,0,1,66.85643342877594
744,504,8396,2,1,67.50887318062514
506,776,8551,2,0,64.83801267265834
661,421,8858,0,1,66.34380219518015
544,334,9039,1,1,67.72590926134232
700,490,9327,0,1,67.76851757166716
492,252,9446,0,1,66.70730434263898
613,373,9502,0,1,67.4249880696731
558,318,9886,1,1,66.85643342877594
576,336,10975,1,1,68.39432712956334
817,577,11046,1,1,63.622196373180614
701,461,11254,2,1,66.9589596754951
643,403,11355,2,1,68.14267179670722
884,614,11426,0,1,62.418807497547654
374,614,11438,1,0,64.87115246957765
585,375,11506,0,1,68.78046494188226
535,775,12088,2,0,62.88587151037938
600,390,12431,2,1,68.94024610560042
541,301,12490,1,1,67.9376193032689
601,361,12509,2,1,68.60870019088523
395,605,12750,1,0,68.9082898728568
576,336,12805,2,1,68.4036476974469
427,667,12820,2,0,68.98152290622762
337,577,12871,0,0,67.40634693390598
552,312,13164,0,1,67.66732283464566
434,674,13261,1,0,67.67664340252922
495,735,13349,0,0,68.28248031496062
557,797,13425,0,0,63.51034955857789
737,497,13428,2,1,67.46227034120734
351,591,13715,0,0,68.42228883321403
442,682,13772,0,0,67.92829873538534
504,744,13889,1,0,68.1240306609401
625,385,13953,0,1,68.04014554998807
445,685,13968,0,0,69.69920663326175
595,355,13974,2,1,68.14267179670722
387,627,14084,0,0,68.74850870913862
628,388,14101,0,1,68.75782927702218
422,632,14336,0,0,67.45960732181204
753,513,14417,0,1,66.45564900978286
610,370,14828,0,1,67.35974409448818
439,679,15421,0,0,68.22655690765926
745,505,15765,2,1,66.86575399665949
392,632,16241,2,0,67.88169589596754
723,483,16299,2,1,67.82577248866617
455,695,16432,1,0,66.67002207110474
485,725,16438,2,0,67.53683488427582
494,734,16963,2,0,66.4929312813171
618,858,17207,0,0,61.25477213075637
380,620,17364,2,0,67.13605046528274
715,505,17675,0,1,65.42506050380065
805,565,17687,0,1,66.73526604628965
415,625,17693,2,0,62.76204110849779
806,566,17710,0,1,65.0016404199475
747,507,17783,0,1,68.5900590551181
667,427,18471,2,1,67.72324624194702
521,791,18678,0,0,62.103979426814064
792,522,18748,1,1,65.42624406797634
799,529,19161,1,1,64.34920066809829
773,533,19421,2,1,66.12942913385827
508,718,19766,1,0,69.05741895899375
559,799,21091,1,0,65.17873120973513
476,716,21510,2,0,67.43430863755665
717,447,21562,1,1,63.77753917123996
688,448,21633,1,1,67.3783852302553
688,448,21640,0,1,66.6793426389883
839,569,21747,1,1,63.363291709748395
848,578,22262,1,1,61.70630186378217
491,701,22475,0,0,68.32242560589017
464,704,22655,2,0,60.19222739203054
742,502,23197,1,1,65.5608744929611
868,598,23562,0,1,64.27463612502982
749,509,23581,2,1,67.90965759961823
782,542,23816,1,1,66.80051002147458
513,753,23872,1,0,67.64868169887855
898,628,25469,0,1,60.33100029163021
581,851,26263,0,0,62.75020546674089
794,554,26500,2,1,64.82454963015986
797,557,26679,2,1,64.07890419947506
588,858,26728,0,0,62.625931228293425
824,554,28402,1,1,64.6143190434529
831,591,28878,2,1,62.690139584824614
845,575,29829,1,1,61.91342559452795
621,861,30824,0,0,63.22141195418754
272,512,172,2,0,68.61802075876878
153,393,195,1,0,67.49023204485802
844,604,285,0,1,66.7259454784061
733,493,794,1,1,65.58883619661178
493,733,799,0,0,66.53021355285134
344,104,851,1,1,66.6327397995705
465,225,903,2,1,69.16793426389883
376,136,1012,1,1,68.81375268432355
471,231,1259,0,1,67.35974409448818
446,686,1538,2,0,67.94693987115247
597,357,1642,2,1,68.6366618945359
449,689,1739,1,0,67.44362920544022
540,300,1787,2,1,68.05878668575518
395,635,2078,0,0,68.70190586972082
306,546,2096,2,0,68.20791577189215
607,397,2159,1,1,68.09873197668473
698,458,2208,1,1,67.11740932951562
434,194,2570,0,1,68.30112145072775
674,434,2581,0,1,66.64206036745406
164,374,2599,0,0,62.27204553976207
316,556,2695,1,0,67.8444136244333
376,616,2702,1,0,68.64598246241947
376,136,2710,1,1,67.29450011930327
526,766,2722,2,0,63.37986160820805
708,468,2840,2,1,68.02150441422094
770,530,2948,2,1,65.47698938200905
380,590,2950,2,0,68.86568156253195
444,654,3163,2,0,68.98285441592527
626,896,3256,0,0,61.5820276253347
236,446,3280,2,0,67.99221120087262
272,512,3623,1,0,67.9842221426867
636,396,3837,0,1,68.17063350035791
337,577,3903,2,0,67.76984908136482
848,608,3937,1,1,63.95773681698878
820,550,4073,2,1,62.31938810678968
161,401,4110,1,0,67.69528453829633
253,463,4266,1,0,68.76981286430104
554,794,4292,1,0,66.27855821999522
166,406,4440,0,0,66.66070150322118
738,498,4534,1,1,66.35312276306371
530,320,4686,2,1,68.48220676960834
681,441,4697,1,1,66.86575399665949
711,471,4706,1,1,66.80051002147458
533,293,4840,2,1,68.17063350035791
811,571,5308,1,1,64.87115246957765
515,785,5526,0,0,62.80820011134971
518,758,5663,1,0,69.27046051061798
370,100,5812,2,1,60.52983907314616
223,463,5962,0,0,68.04946611787162
554,314,6005,1,1,68.24519804342638
438,648,6291,2,0,69.8563247775846
649,409,6326,2,1,68.31044201861131
439,229,6360,0,1,68.83372532978832
202,442,6491,2,0,66.9589596754951
472,262,6499,1,1,66.8737430548454
298,508,6849,0,0,68.97220233834406
510,300,7020,2,1,67.67264887343627
572,332,7120,1,1,67.9376193032689
693,453,7175,2,1,67.51819374850871
815,545,7309,2,1,62.70878072059174
398,638,7466,2,0,67.67664340252922
638,398,7483,1,1,68.04946611787162
519,279,7548,0,1,67.45294977332378
399,639,7560,0,0,68.6366618945359
730,490,7623,0,1,69.63396265807683
642,402,7693,1,1,68.74850870913862
402,642,7700,1,0,67.83509305654974
404,644,7826,2,0,68.2638391791935
885,615,7865,0,1,60.546408971605814
765,525,7909,2,1,65.62611846814602
345,585,7920,1,0,67.7978107850155
678,468,8071,2,1,68.27981729556532
231,471,8228,1,0,67.7512079455977
621,891,8265,0,0,60.637543413133955
774,534,8445,1,1,65.49563051777618
595,385,8515,1,1,68.78046494188226
476,686,8524,1,0,67.75786549408596
598,358,8653,1,1,67.69528453829633
664,424,8996,0,1,66.0735057265569
485,725,9072,2,0,68.34772429014555
246,516,9117,2,0,66.31273363556828
367,607,9187,1,0,66.7259454784061
671,431,9389,1,1,67.4715909090909
345,555,9646,1,0,68.14134028700957
376,616,9718,0,0,68.5434562157003
320,560,9984,0,0,67.21061500835123
532,802,10097,0,0,63.636695034332824
684,444,10202,0,1,67.21061500835123
625,385,10265,0,1,67.82577248866617
357,567,10400,1,0,68.57807546783924
387,627,10413,0,0,66.22263481269387
389,629,10544,2,0,68.76714984490575
510,750,10582,2,0,66.34380219518015
811,541,10680,1,1,64.18350168350167
752,512,10692,0,1,66.79118945359102
516,756,10960,2,0,63.538311262228575
516,276,10988,2,1,66.79118945359102
577,367,11051,0,1,67.53417186488052
518,758,11098,0,0,63.33325876879026
519,759,11137,1,0,66.87507456454306
549,309,11154,0,1,67.86305476020041
549,309,11171,2,1,67.4249880696731
460,700,11185,0,0,66.91235683607731
580,370,11193,2,1,67.82177795957323
523,283,11366,1,1,67.2851795514197
284,554,11414,0,0,65.60851295103262
405,645,11493,2,0,67.95626043903601
652,412,11896,0,1,66.7725483178239
834,564,12040,2,1,64.216641480421
566,356,12183,2,1,66.79917851177693
626,386,12195,2,1,66.7725483178239
537,777,12226,0,0,62.96043605344786
419,659,12360,0,0,67.57411715581006
362,602,12529,0,0,68.37568599379622
663,423,12631,1,1,66.89371570031018
605,365,12755,2,1,67.63004056311142
547,787,12849,1,0,67.67664340252922
668,428,12926,1,1,67.07080649009782
639,909,12977,0,0,60.84466714387973
438,678,13499,0,0,68.93492006680982
350,590,13649,2,0,68.3570448580291
625,385,13911,1,1,67.74188737771415
660,420,14255,0,1,67.63004056311142
756,516,14617,1,1,66.56749582438557
368,608,14734,0,0,67.69528453829633
758,518,14759,1,1,65.64475960391314
342,582,14967,0,0,68.72054700548794
644,404,15105,1,1,67.49023204485802
411,651,15541,0,0,67.01488308279646
591,831,15543,1,0,62.9977183249821
622,382,15584,0,1,67.57411715581006
775,535,15775,0,1,66.12942913385827
395,635,16450,1,0,68.81375268432355
727,487,16567,0,1,67.05216535433071
553,793,16919,1,0,67.17333273681697
472,682,17473,0,0,67.20395745986296
624,894,17583,0,0,60.090736763965104
415,655,17668,0,0,68.97220233834406
660,420,17987,0,1,66.8191511572417
721,451,18081,0,1,66.10560990482249
514,754,18230,1,0,68.22655690765926
485,695,18302,1,0,68.8230732522071
665,395,18339,0,1,65.77421193562925
786,516,18377,2,1,64.68888358652137
489,699,18560,0,0,68.04547158877867
708,498,19100,2,1,67.64069264069263
499,709,19185,1,0,68.52481507993318
860,590,19220,2,1,61.524032980725885
833,593,19408,0,1,66.22263481269387
597,867,19677,0,0,60.670683210053284
807,537,19719,2,1,63.70297462817147
721,481,19969,2,1,67.46227034120734
871,601,19971,0,1,63.76925422201012
547,787,20308,1,0,68.04014554998807
697,457,20349,1,1,65.2346546170365
885,615,20827,2,1,60.339285240860036
562,832,21309,0,0,61.54888782841538
504,744,21385,1,0,68.20791577189215
446,686,21518,1,0,69.13997256024814
481,721,21817,2,0,67.62071999522786
752,512,21907,0,1,67.73256680983057
731,461,22444,1,1,65.15284074339192
743,503,23234,0,1,66.80983058935814
749,509,23585,2,1,67.87237532808398
731,491,24364,0,1,68.06810725363874
805,565,25274,0,1,67.90965759961823
836,596,25326,1,1,62.38256084466713
563,833,27047,0,0,60.57954876852514
566,836,27252,0,0,61.03522097616585
868,598,27351,0,1,64.80487287573901
608,878,28002,2,0,60.090736763965104
856,586,28566,1,1,60.273005647021385
839,599,29408,0,1,66.6327397995705
631,901,31492,0,0,60.18187120549325
639,849,32062,0,0,62.932474349797175
181,391,58,0,0,68.63133585574529
274,514,276,0,0,68.55277678358387
544,814,302,0,0,61.30862430075028
576,336,403,1,1,68.38500656167979
517,277,441,0,1,68.31044201861131
609,399,590,2,1,67.8856904250605
731,491,688,0,1,68.10538952517298
614,884,889,0,0,60.14044645934409
346,586,1008,2,0,67.30382068718681
647,917,1065,0,0,60.69553805774277
381,141,1270,0,1,67.59275829157718
383,143,1404,1,1,67.43430863755665
685,475,1520,0,1,66.90569928758904
299,539,1727,0,0,67.52751431639226
779,509,1735,0,1,62.783345263660216
725,515,2056,0,1,69.06807103657496
186,396,2140,2,0,66.46896410675937
127,367,2171,1,0,67.17333273681697
428,188,2213,2,1,67.35042352660463
189,429,2270,0,0,67.53683488427582
161,401,2404,2,0,68.02150441422094
522,762,2463,1,0,66.60477809591981
374,164,2586,2,1,69.08937519173739
824,584,2617,0,1,66.59545752803626
471,711,3019,0,0,67.48091147697447
534,774,3189,0,0,63.90181340968742
776,536,3288,2,1,67.01488308279646
515,275,3790,2,1,68.76714984490575
246,456,3808,0,0,61.23879401438456
189,429,4004,2,0,67.21993557623479
581,341,4109,0,1,68.4502505368647
281,521,4115,2,0,69.37298675733715
736,526,4456,2,1,67.054828373726
347,587,4514,0,0,68.80443211643998
558,828,4541,0,0,60.7286778546621
780,540,5203,2,1,65.77524755428297
570,840,5230,0,0,61.48260823457673
364,574,5493,2,0,69.98414970855914
486,246,5597,2,1,68.16131293247435
607,367,5609,1,1,68.72986757337151
639,429,5726,2,1,70.11197463953368
550,310,5787,2,1,68.52481507993318
761,521,5833,0,1,67.1453710331663
593,863,6569,0,0,62.51822688830563
535,775,6690,1,0,66.36244333094726
265,505,6713,0,0,68.51549451204963
477,207,6780,0,1,66.30444868633843
567,327,6838,1,1,68.31044201861131
390,600,6993,0,0,68.86568156253195
511,721,7025,2,0,67.22526161502539
513,303,7159,1,1,68.49285884718955
514,754,7210,2,0,65.7938886900501
606,876,7381,2,0,60.26472069779155
487,757,7399,2,0,64.52318460192475
344,584,7848,0,0,68.11471009305654
257,497,8028,0,0,67.15469160104986
469,229,8150,2,1,66.24127594846098
503,263,8335,0,1,67.6580022667621
538,298,8657,0,1,68.86967609162491
838,568,8696,2,1,63.13131313131312
573,843,8951,0,0,61.32519419920994
547,307,9173,0,1,67.85373419231686
340,550,9375,0,0,68.39699014895865
436,676,9708,1,0,69.39162789310426
498,708,9873,1,0,62.61291202236083
259,529,9906,1,0,66.05590020944351
350,560,9954,2,0,68.58872754542045
505,745,10262,0,0,66.1667114053925
835,595,10289,0,1,67.46227034120734
596,866,10351,2,0,60.09902171319494
570,360,10569,0,1,68.34372976105259
570,330,10600,2,1,67.72324624194702
751,511,10637,2,1,67.46227034120734
511,721,10646,0,0,68.59937962300167
512,752,10714,1,0,67.49955261274158
542,302,10728,1,1,68.59937962300167
758,518,11087,1,1,66.4929312813171
317,557,11629,1,0,66.13874970174182
892,622,11939,2,1,60.47184442853734
773,533,11965,2,1,67.04284478644715
475,715,12145,1,0,66.93099797184442
536,296,12167,0,1,67.7046051061799
416,656,12185,0,0,67.49955261274158
537,777,12230,0,0,62.68081901694105
483,723,12606,1,0,68.83239382009066
579,309,12961,1,1,65.3351096264482
429,669,12981,1,0,67.53683488427582
700,490,13023,2,1,68.47155469202713
371,611,13076,0,0,68.44092996898115
505,745,13959,2,0,65.57019506084465
625,415,13969,0,1,69.08937519173739
597,867,14078,0,0,62.667355974442586
329,569,14200,0,0,60.82602600811261
630,870,14231,0,0,62.979077189214976
606,876,14614,0,0,62.8330549590392
579,849,14774,0,0,60.364140088549526
828,588,15361,2,1,63.01635946074922
680,440,15478,0,1,67.8444136244333
596,356,15877,0,1,67.38770579813887
658,448,15963,0,1,67.35308654599993
718,478,16005,2,1,69.06540801717966
691,421,16132,0,1,66.41215302632625
871,601,16183,2,1,60.72039290543227
395,635,16456,2,0,67.29450011930327
442,682,17512,2,0,67.87237532808398
864,624,17586,0,1,63.323938200906696
446,686,17737,1,0,69.06540801717966
689,449,17937,0,1,66.6327397995705
722,482,18149,1,1,66.69798377475541
694,484,18265,0,1,67.49156355455567
429,669,18572,1,0,67.17333273681697
492,702,18744,2,0,68.18394859733442
704,464,18893,0,1,67.57411715581006
768,528,19080,2,1,65.78456812216655
529,769,19209,1,0,67.45294977332378
410,650,19244,2,0,67.1919738725841
860,590,19259,1,1,62.045984782205245
451,691,19933,2,0,65.78456812216655
543,813,20057,1,0,64.68059863729154
758,518,20382,1,1,66.04554402290621
551,821,20573,0,0,62.31110315755984
823,553,20721,1,1,64.52318460192475
763,493,20756,1,1,65.37653437259735
557,797,20988,1,0,67.30382068718681
740,500,21143,2,1,67.1453710331663
476,716,21558,1,0,67.95626043903601
749,509,21733,1,1,65.8870943688857
577,847,22212,0,0,62.92418940056734
728,488,22314,1,1,65.71932414698162
550,790,22411,1,0,67.32246182295394
581,851,22501,0,0,60.521554123916324
588,858,22909,0,0,61.17606511307298
471,711,23130,0,0,66.0735057265569
774,534,23304,0,1,65.71932414698162
726,486,24060,0,1,67.40634693390598
519,759,24277,2,0,63.28665592937246
885,615,24617,0,1,61.805721254540146
779,539,25506,2,1,66.48361071343355
796,526,26604,2,1,62.89104960364802
917,647,26678,0,1,60.5961186669848
805,565,27159,1,1,64.49832975423526
809,569,27430,2,1,62.951115485564294
812,572,27608,1,1,64.0229807921737
905,635,27825,0,1,61.17606511307298
883,613,28343,0,1,62.7253506190514
843,603,29695,1,1,63.80860773085181
856,586,30519,0,1,64.80487287573901
540,780,20,0,0,62.72742185635886
335,545,341,2,0,68.76981286430104
335,545,351,2,0,67.77916964924839
576,336,436,1,1,68.61802075876878
518,278,520,2,1,66.10146743020758
159,399,592,1,0,67.08012705798139
670,430,635,2,1,68.53413564781674
526,286,994,2,1,65.95233834407063
290,530,1225,2,0,68.62734132665234
412,652,1325,2,0,67.25721784776903
203,413,1366,0,0,67.8963425026417
354,594,1454,2,0,67.22925614411834
386,146,1541,0,1,67.76052851348126
147,387,1608,1,0,69.06540801717966
752,512,1888,1,1,65.47698938200905
362,602,1894,1,0,68.15199236459078
304,544,1989,2,0,68.92559949892626
485,725,2073,2,0,67.60207885946075
246,486,2125,1,0,67.44362920544022
488,248,2227,1,1,67.63936113099498
459,699,2264,2,0,68.22655690765926
430,670,2329,0,0,67.52751431639226
642,402,2481,2,1,67.35974409448818
254,494,2566,1,0,67.55547602004295
526,796,2685,2,0,61.35833399612927
796,526,2723,0,1,65.1776955910814
528,798,2815,0,0,63.13131313131312
891,621,3010,1,1,61.63173732071369
533,773,3077,2,0,62.94179491768074
716,476,3271,0,1,68.39432712956334
416,176,3278,1,1,68.15199236459078
628,388,3393,0,1,66.80051002147458
569,329,3429,1,1,68.67394416607014
389,629,3451,1,0,69.8949385588165
450,210,3489,1,1,68.28248031496062
331,571,3577,0,0,68.17995406824147
606,846,3854,1,0,63.361220472440934
343,583,4234,1,0,67.7978107850155
615,375,4373,0,1,68.31044201861131
498,738,4536,1,0,68.5434562157003
445,205,4922,0,1,67.18265330470055
535,295,4932,0,1,67.22925614411834
235,475,4950,2,0,68.4502505368647
206,446,4989,0,0,67.67664340252922
420,210,5256,0,1,69.14263557964344
604,364,5448,1,1,67.30382068718681
727,487,5632,0,1,67.62071999522786
848,578,5692,1,1,62.05426973143508
579,849,5717,0,0,61.499178133036395
432,672,5882,0,0,67.35042352660463
252,492,5914,1,0,67.74188737771415
498,738,6288,0,0,66.97760081126222
650,440,6377,2,1,69.34502505368647
682,442,6526,1,1,66.64206036745406
564,324,6619,0,1,67.63004056311142
625,385,6699,0,1,68.78579098067286
478,208,6878,1,1,65.08656114955326
388,628,6886,1,0,68.39432712956334
689,449,6915,1,1,66.8191511572417
542,812,7076,1,0,65.56708820488348
602,872,7080,0,0,60.977226331557034
243,453,7187,0,0,67.17200122711932
277,517,7408,0,0,68.33840372226199
247,487,7424,2,0,67.21061500835123
459,219,7564,0,1,67.32246182295394
581,341,7665,1,1,67.82577248866617
290,530,8195,0,0,69.40094846098782
658,418,8682,0,1,67.95626043903601
508,268,8686,2,1,66.75390718205678
332,542,8875,2,0,68.20525275249683
543,303,8965,1,1,68.50617394416606
665,425,9044,0,1,66.52089298496779
575,305,9065,1,1,66.40386807709642
400,640,9336,0,0,67.49955261274158
430,670,9360,1,0,66.70730434263898
491,731,9397,1,0,68.53413564781674
491,701,9411,1,0,65.96831646044244
672,432,9478,2,1,68.76714984490575
643,913,9497,0,0,60.21501100241257
344,554,9602,2,0,68.59937962300167
675,435,9681,0,1,68.24519804342638
645,915,9685,0,0,60.52983907314616
556,316,9730,2,1,69.76445060844667
676,436,9734,2,1,67.91897816750178
287,527,9789,1,0,66.54885468861846
500,740,9956,0,0,67.10808876163206
265,505,10287,0,0,65.95233834407063
596,326,10336,0,1,65.45938386489567
448,688,10487,2,0,67.90033703173467
509,749,10499,0,0,67.11740932951562
449,689,10533,1,0,67.13605046528274
690,450,10584,1,1,66.35312276306371
603,873,10772,1,0,60.919231686948216
544,304,10874,2,1,68.70190586972082
638,398,11084,0,1,68.42228883321403
640,400,11179,0,1,68.0308249821045
402,642,11318,0,0,68.39432712956334
706,466,11573,2,1,68.06810725363874
648,408,11681,2,1,66.25059651634454
409,649,11752,2,0,68.5900590551181
654,414,12083,1,1,68.15199236459078
535,295,12135,1,1,66.82847172512525
599,389,12347,2,1,68.00286327845382
599,839,12364,1,0,64.38648293963254
719,479,12398,0,1,66.53021355285134
480,720,12409,0,0,68.37568599379622
780,540,12450,0,1,66.19467310904318
782,542,12547,2,1,64.55425316153662
668,428,12904,0,1,66.43700787401573
490,730,13008,2,0,67.35042352660463
582,342,13166,2,1,68.70190586972082
673,433,13188,2,1,68.47821224051539
676,436,13372,2,1,69.59668038654259
618,378,13511,1,1,67.43430863755665
890,620,13665,1,1,60.281290596251225
561,831,13694,0,0,61.242344706911624
622,382,13744,1,1,68.51549451204963
599,869,14170,0,0,63.214162623611436
393,633,14438,0,0,68.97220233834406
606,366,14586,0,1,67.45294977332378
524,764,15099,2,0,62.783345263660216
647,407,15276,2,1,68.38500656167979
624,894,15715,0,0,61.656592168403186
414,654,15719,1,0,69.65260379384394
355,625,15780,2,0,65.85706142792756
722,482,16262,2,1,68.83239382009066
727,487,16555,2,1,68.30112145072775
548,818,16633,0,0,62.02112993451575
495,735,17052,2,0,65.63543903602958
828,558,17234,2,1,63.41300140512738
778,538,17890,2,1,66.52089298496779
793,523,18833,2,1,64.24978127734032
465,705,18945,2,0,66.1667114053925
826,586,19014,0,1,68.00286327845382
587,827,19060,1,0,63.929775113338096
708,468,19082,1,1,67.59275829157718
678,408,19096,0,1,65.96476576791537
528,768,19103,0,0,65.19737234550226
588,858,19123,0,0,61.19263501153264
833,593,19447,2,1,62.951115485564294
537,807,19715,1,0,63.74439937432063
671,431,20587,0,1,66.32516105941302
704,464,20808,1,1,66.59545752803626
840,570,21801,2,1,61.72287176224183
878,608,24176,1,1,60.81152734696042
611,881,24366,0,0,62.6176462790636
891,651,25004,0,1,60.58369124314005
773,533,25155,2,1,64.71270281555714
503,743,25182,1,0,67.7978107850155
847,577,26022,1,1,63.239017471300926
520,790,26254,2,0,60.7286778546621
791,551,26289,0,1,66.19467310904318
521,791,26300,0,0,62.816485060579545
521,791,26313,0,0,61.50746308226623
596,866,27217,1,0,62.775060314430384
596,866,27228,1,0,61.830576102229635
806,566,27249,1,1,64.96435814841327
783,543,27687,2,1,60.68621748985922
580,820,28160,1,0,65.5608744929611
827,587,28610,2,1,63.39850274397517
832,592,28947,1,1,62.36391970890001
780,540,39,0,1,65.82185039370079
154,394,278,1,0,68.17995406824147
605,395,327,1,1,68.92959402801921
576,336,438,0,1,67.88169589596754
577,337,492,2,1,68.37568599379622
218,458,501,2,0,67.67664340252922
788,548,542,2,1,64.69406167979002
224,464,869,2,0,68.77647041278931
164,404,874,0,0,69.13997256024814
857,617,1038,0,1,64.91775530899545
439,199,1174,2,1,67.7978107850155
443,683,1372,1,0,67.3317823908375
173,413,1385,1,0,67.8910164638511
534,294,1428,2,1,66.68866320687187
505,265,1487,2,1,66.48361071343355
747,507,1585,1,1,66.6793426389883
449,689,1750,1,0,67.91897816750178
302,542,1901,1,0,69.09336972083034
157,397,2152,0,0,66.56749582438557
370,610,2328,2,0,67.87237532808398
701,461,2407,1,1,68.66462359818658
822,582,2459,2,1,61.916532450489136
374,614,2616,1,0,66.67002207110474
495,255,2665,1,1,69.17725483178238
409,649,2852,1,0,67.35974409448818
769,529,2882,0,1,67.57411715581006
409,169,2892,1,1,67.94693987115247
859,589,2895,1,1,60.521554123916324
446,656,3264,1,0,68.32242560589017
480,720,3510,1,0,69.7551300405631
427,187,3882,0,1,68.87899665950846
460,250,4092,0,1,68.09873197668473
611,851,4111,1,0,61.8326473395371
402,612,4191,0,0,68.75916078671983
312,522,4212,1,0,68.97220233834406
585,345,4382,2,1,68.50617394416606
586,346,4422,0,1,66.7259454784061
888,618,4548,1,1,61.499178133036395
498,768,4550,0,0,65.00371165725495
800,560,4663,1,1,65.80320925793366
624,864,4881,0,0,63.65947864471485
569,839,5147,0,0,61.408043691508254
420,660,5204,2,0,66.78186888570747
870,630,5220,0,1,62.36391970890001
541,781,5287,0,0,63.2773353614889
572,842,5333,0,0,60.944086534637705
484,274,5452,2,1,67.87503834747928
424,184,5456,0,1,67.63004056311142
664,424,5498,2,1,67.73256680983057
217,457,5626,2,0,68.21723633977571
517,277,5653,1,1,67.7512079455977
850,580,5777,2,1,62.534796786765284
521,311,5844,2,1,66.13874970174182
493,253,5956,0,1,68.78579098067286
703,493,5978,2,1,67.92829873538534
554,314,6003,0,1,67.9376193032689
314,554,6047,2,0,68.72054700548794
436,196,6175,2,1,67.59275829157718
767,527,6195,2,1,65.9336972083035
767,527,6212,2,1,66.31584049152946
707,467,6214,1,1,68.01218384633738
498,258,6273,2,1,68.76714984490575
439,649,6315,1,0,67.1400449943757
298,538,6857,2,0,68.06810725363874
329,569,6927,2,0,68.2638391791935
329,569,6937,2,0,69.73648890479599
332,572,7086,0,0,67.10808876163206
275,515,7289,0,0,69.0560874492961
792,552,7744,2,1,65.08552553089955
526,316,7958,1,1,68.34372976105259
826,556,7973,1,1,64.2663511758
260,500,8188,1,0,67.31314125507038
801,561,8247,2,1,66.45564900978286
504,264,8427,0,1,68.20791577189215
778,538,8641,2,1,66.36244333094726
658,418,8655,0,1,66.9589596754951
568,838,8661,1,0,64.18350168350167
419,659,8747,0,0,66.09214686232403
422,662,8911,2,0,67.16401216893341
545,305,9046,0,1,66.90303626819374
545,785,9077,2,0,60.79806430446194
547,307,9182,0,1,68.06810725363874
489,279,9275,0,1,68.30112145072775
282,492,9473,1,0,62.91117019463476
313,553,9514,2,0,67.3317823908375
345,555,9659,1,0,61.196185704059715
525,285,9686,2,1,66.94031853972798
506,746,10342,2,0,66.2599170842281
538,808,10452,2,0,60.03274211935629
569,329,10510,0,1,68.75782927702218
509,749,10556,2,0,68.05878668575518
540,270,10575,0,1,65.67479254487128
546,306,10993,2,1,67.71392567406346
336,576,10997,1,0,67.3783852302553
643,403,11391,2,1,67.63004056311142
314,554,11427,1,0,68.21723633977571
585,345,11521,1,1,67.76052851348126
587,347,11628,0,1,67.86305476020041
408,648,11697,1,0,68.57141791935098
472,712,11942,2,0,67.72324624194702
833,593,12008,2,1,63.03500059651634
474,714,12070,1,0,68.90695836315915
569,329,12390,1,1,68.42228883321403
720,480,12427,1,1,66.86575399665949
543,783,12633,1,0,68.5434562157003
489,729,12937,1,0,67.96558100691958
429,669,12987,2,0,67.62071999522786
341,581,13101,0,0,67.82577248866617
676,436,13377,1,1,66.6327397995705
439,679,13603,0,0,67.34110295872107
501,741,13689,1,0,69.0560874492961
691,451,14313,1,1,66.38108446671438
366,576,14582,0,0,68.58872754542045
641,431,14896,1,1,68.38633807137744
671,431,14906,0,1,66.0269028871391
707,467,15268,0,1,66.7725483178239
680,440,15457,0,1,66.7725483178239
598,868,15951,0,0,61.06007582385535
690,420,16124,0,1,65.85706142792756
601,871,16140,1,0,60.554693920835646
872,602,16242,2,1,61.04350592539568
453,663,16316,0,0,68.61003170058287
814,544,16371,0,1,66.16360454943131
427,667,16553,1,0,67.58343772369362
699,459,16704,0,1,67.04284478644715
705,465,17054,1,1,66.11078799809114
498,738,17240,0,0,67.40634693390598
680,470,17360,0,1,67.16134914953813
686,476,17764,0,1,69.05741895899375
658,418,17883,2,1,68.10538952517298
901,631,18019,1,1,60.18187120549325
842,572,18150,1,1,64.20007158196134
697,457,18437,2,1,67.8910164638511
457,697,18447,0,0,68.80443211643998
518,788,18525,2,0,61.77258145762082
495,735,18917,1,0,67.6580022667621
736,496,18974,1,1,65.77524755428297
589,859,19182,1,0,61.91342559452795
860,590,19217,1,1,61.524032980725885
470,710,19227,2,0,68.4968533762825
441,651,19319,2,0,68.43959845928349
663,423,20111,1,1,67.0987681937485
729,489,20479,0,1,66.96828024337866
733,523,20758,0,1,67.90699458022291
465,705,20843,2,0,66.04554402290621
496,736,20927,1,0,67.92829873538534
710,440,21173,2,1,66.04761526021368
835,565,21482,1,1,63.794109069699616
721,481,21851,1,1,66.15739083750894
513,783,21993,0,0,63.752684323550454
490,730,22414,1,0,68.51549451204963
851,581,22465,2,1,61.30862430075028
855,585,22735,2,1,62.82477000980937
558,798,22937,0,0,62.4384842519685
499,739,22946,0,0,67.9376193032689
502,742,23141,0,0,65.31853972798854
804,564,23287,0,1,66.01758231925554
560,830,24972,0,0,61.69801691455234
624,894,25250,0,0,61.88028579760862
835,595,25256,1,1,62.2054700548795
807,567,25433,0,1,67.2385767120019
844,604,25833,2,1,62.410522548317815
802,562,26971,0,1,64.8618319016941
536,806,27236,0,0,62.09569447758423
871,601,27533,0,1,64.92914711418648
904,634,27736,0,1,61.20920490999231
877,607,29913,2,1,60.488414326996995
875,605,31765,1,1,61.565457726875046
840,600,41,0,1,66.42768730613219
600,360,48,2,1,68.41296826533046
272,512,167,2,0,68.6832647339537
574,334,268,1,1,68.65530303030302
334,574,286,1,0,67.03352421856357
126,336,425,1,0,69.78176023451613
462,222,726,2,1,68.0774278215223
702,432,768,0,1,65.89020122484689
285,525,909,2,0,67.9376193032689
111,351,1249,2,0,66.87507456454306
596,356,1550,0,1,69.15861369601527
687,447,1589,0,1,66.43700787401573
417,657,1632,1,0,68.51549451204963
269,479,1760,0,0,67.2359136926066
510,750,1769,0,0,65.73796528274873
452,692,1916,2,0,68.65530303030302
784,574,2016,2,1,63.017690970446864
575,815,2095,1,0,63.92045454545454
547,307,2179,0,1,68.28248031496062
667,457,2192,0,1,66.74591812387088
649,439,2856,1,1,68.26916521798411
409,169,2888,0,1,67.9376193032689
563,323,3095,1,1,68.43160940109757
503,263,3101,0,1,69.16793426389883
568,328,3398,2,1,68.47821224051539
212,452,3585,1,0,68.16131293247435
633,393,3696,1,1,67.21061500835123
274,514,3747,0,0,68.85103495585778
877,607,3910,2,1,60.41384978392851
458,698,3925,0,0,66.83779229300882
518,278,3931,2,1,67.46227034120734
251,461,4106,0,0,66.89504721000783
341,581,4112,1,0,67.68596397041279
161,401,4119,2,0,67.1453710331663
462,222,4170,0,1,69.06540801717966
885,615,4350,1,1,61.05179087462551
228,468,4544,0,0,67.20129444046766
468,708,4559,0,0,67.7978107850155
679,469,4627,0,1,67.92829873538534
500,740,4654,2,0,65.92437664041995
789,519,5757,1,1,66.11389485405233
849,579,5764,2,1,62.534796786765284
670,400,5790,0,1,65.74935708793976
434,674,6020,1,0,68.77647041278931
257,497,6206,0,0,69.5221158434741
439,679,6354,2,0,67.07080649009782
679,439,6359,1,1,67.2851795514197
381,621,6428,0,0,67.67664340252922
711,501,6455,2,1,67.1400449943757
534,294,6620,1,1,67.58343772369362
506,266,6726,2,1,68.60870019088523
783,543,7183,0,1,67.1453710331663
847,607,7401,0,1,65.91505607253637
341,581,7655,1,0,68.06810725363874
522,312,7696,0,1,67.36373862358113
673,463,7788,0,1,63.48638238402017
495,735,7881,1,0,68.36636542591266
466,256,7949,2,1,69.3769812864301
411,651,8264,2,0,68.15199236459078
533,293,8343,2,1,68.04014554998807
504,234,8395,2,1,66.37901322940692
595,355,8517,2,1,66.85643342877594
837,597,8577,1,1,61.73012109281794
687,477,8610,0,1,68.03481951119745
897,627,8632,1,1,60.18187120549325
269,509,8737,0,0,67.45294977332378
480,720,8763,0,0,68.47821224051539
633,903,8943,0,0,62.543081735995116
786,546,9124,0,1,66.42768730613219
698,488,9240,2,1,67.24656577018781
495,735,9641,2,0,66.84711286089238
315,555,9697,1,0,68.0774278215223
618,858,9865,1,0,60.0617394416607
798,558,9884,0,1,66.47429014554997
801,561,10024,2,1,64.17210987831066
411,621,10038,1,0,67.38504277874355
861,591,10061,1,1,60.38899493623902
803,563,10126,2,1,63.28665592937246
746,506,10369,2,1,68.9628817704605
628,388,10488,0,1,68.01218384633738
600,360,10560,0,1,67.58343772369362
517,757,11011,2,0,65.44902767835838
464,704,11453,1,0,68.08674838940586
831,591,11859,2,1,62.0190586972083
892,622,11921,1,1,60.670683210053284
532,772,11932,0,0,63.39850274397517
776,536,12202,0,1,66.5861369601527
602,362,12562,0,1,67.63936113099498
784,544,12682,0,1,66.37176389883082
397,607,12842,0,0,68.62068377816409
581,341,13090,1,1,68.42228883321403
311,581,13092,1,0,65.89020122484689
492,702,13176,1,0,68.8124211746259
856,616,13370,0,1,65.59815676449534
347,587,13447,2,0,68.42228883321403
799,559,13600,1,1,65.12280780243378
599,359,14202,0,1,68.98152290622762
393,633,14387,2,0,68.5900590551181
346,586,15240,2,0,66.36244333094726
802,532,15575,2,1,63.77753917123996
623,413,15664,0,1,67.32113031325629
354,594,15756,0,0,66.83779229300882
355,595,15797,2,0,67.39702636602242
723,483,16280,0,1,66.06418515867334
789,549,16709,1,1,65.35582199952277
436,676,17120,1,0,68.3570448580291
619,859,17281,0,0,63.323938200906696
859,619,17329,0,1,64.54493259365306
504,774,17598,0,0,63.35500676051856
513,783,18160,2,0,61.341764097669596
725,485,18290,1,1,67.41566750178954
704,494,18860,0,1,69.40893751917373
737,497,19041,1,1,66.70730434263898
408,678,19108,2,0,65.8404915294679
864,594,19508,1,1,61.929995492987615
598,838,19775,1,0,62.51304879503697
780,540,19894,0,1,66.8191511572417
872,602,20029,1,1,61.17606511307298
725,515,20222,0,1,67.44895524423083
549,789,20445,1,0,65.81252982581722
766,526,20922,0,1,65.6540801717967
827,587,21001,1,1,63.52899069434501
890,620,21135,0,1,62.12883427450356
758,518,22309,1,1,67.15469160104986
849,579,22340,1,1,61.53231792995572
820,580,22415,0,1,67.51819374850871
854,584,22658,2,1,62.27796336064052
585,855,22748,1,0,62.543081735995116
533,803,23199,2,0,60.20672605318274
743,503,23206,1,1,66.66070150322118
535,775,23345,0,0,60.0617394416607
598,868,23566,0,0,61.805721254540146
869,599,23603,2,0,61.87200084837879
546,786,24056,1,0,66.41836673824862
612,882,24420,0,0,61.74772660993133
762,522,24433,0,1,67.4249880696731
829,589,24917,1,1,61.75808279646862
503,773,25132,2,0,62.05426973143508
810,570,27521,1,1,65.4676688141255
570,840,29450,1,0,65.48423871258517
181,391,74,2,0,68.43959845928349
158,398,496,0,0,67.90965759961823
218,458,503,2,0,67.43430863755665
521,281,672,2,1,67.10808876163206
554,764,844,1,0,61.33466271261546
224,464,852,1,0,68.09606895728942
644,404,879,0,1,67.76052851348126
586,346,967,1,1,68.53413564781674
736,496,998,1,1,66.92167740396086
498,738,1097,0,0,65.58883619661178
558,798,1119,1,0,66.47429014554997
589,349,1182,2,1,67.76052851348126
679,439,1183,1,1,68.0774278215223
410,200,1238,1,1,68.71655247639498
230,470,1240,2,0,69.50347470770699
411,621,1260,1,0,60.770102600811256
442,202,1311,0,1,66.85643342877594
232,472,1333,1,0,66.94963910761155
113,353,1361,2,0,67.0987681937485
503,743,1417,0,0,67.25721784776903
683,443,1420,2,1,68.31976258649486
897,627,1591,1,1,60.26472069779155
808,568,1652,0,1,66.68866320687187
660,420,1788,1,1,66.79118945359102
123,393,1979,1,0,66.18845939712081
364,604,1987,0,0,68.59937962300167
515,785,2094,2,0,61.134640366923826
129,399,2284,0,1,65.19426548954108
252,492,2480,0,0,68.5434562157003
375,165,2674,1,1,68.23720898524047
256,496,2683,2,0,68.65530303030302
796,526,2701,2,1,64.35748561732812
678,438,2802,1,1,67.18265330470055
169,409,2867,0,0,68.72054700548794
259,499,2880,1,0,68.23587747554282
500,260,2921,1,1,68.95356120257694
772,532,3027,2,1,64.77794679074205
773,533,3104,0,1,66.4463284418993
324,564,3178,0,0,68.75782927702218
416,176,3262,2,1,68.79511154855642
776,536,3268,2,1,64.0229807921737
421,181,3579,1,1,67.90033703173467
812,542,3624,2,1,63.37986160820805
665,455,3753,2,1,69.18524388996829
846,606,3822,0,1,65.03892269148174
156,426,3849,2,0,65.2025504387709
577,337,3912,2,1,67.66732283464566
549,789,4040,1,0,66.4929312813171
610,850,4071,1,0,60.89126998329754
674,434,4316,1,1,67.49023204485802
345,555,4351,0,0,68.162644442172
526,286,4420,2,1,67.39702636602242
586,346,4448,0,1,68.6832647339537
378,618,4564,2,0,67.87237532808398
470,230,4685,2,1,68.95356120257694
531,291,4725,2,1,67.96558100691958
742,502,4756,1,1,65.84981209735146
598,358,5109,2,1,68.98152290622762
599,359,5180,0,1,68.4502505368647
239,479,5194,2,0,69.68056549749463
510,750,5218,1,0,67.44362920544022
510,780,5246,0,0,63.25558736976059
513,783,5433,2,0,61.648307219173354
754,514,5485,0,1,66.27855821999522
605,365,5535,0,1,68.85103495585778
636,906,5571,0,0,60.546408971605814
489,729,5759,0,0,66.96828024337866
489,729,5769,1,0,68.88831722739202
910,640,5789,0,1,60.339285240860036
380,620,6411,0,1,67.9842221426867
861,591,6486,1,1,61.08493067154484
622,382,6521,0,1,66.4929312813171
535,805,6685,2,0,61.26719955460112
266,506,6763,0,0,67.99354271057025
326,566,6765,2,0,69.00016404199475
447,687,6795,1,0,67.94693987115247
870,600,7013,2,1,60.273005647021385
272,512,7095,1,0,68.0774278215223
242,452,7114,2,0,68.89763779527559
335,575,7325,2,0,67.41566750178954
487,217,7420,0,1,65.50909356027465
279,519,7519,2,0,67.58343772369362
519,279,7523,1,1,68.72054700548794
554,794,7804,1,0,67.16401216893341
884,614,7852,1,1,61.18435006230281
795,555,7898,0,1,66.19467310904318
525,285,7906,1,1,68.33840372226199
646,406,7938,1,1,68.04014554998807
886,616,7950,1,1,60.83638219464991
325,535,8496,2,0,67.92829873538534
267,507,8603,2,0,67.21993557623479
419,659,8742,0,0,69.82037401574802
304,544,9019,2,0,68.22655690765926
725,485,9095,2,1,68.28248031496062
279,519,9320,2,0,68.04014554998807
499,259,9911,0,1,67.62071999522786
679,439,9930,0,1,67.69528453829633
681,441,10043,0,1,66.47429014554997
802,562,10099,1,1,66.45564900978286
536,296,10345,2,1,68.01218384633738
748,508,10450,0,1,66.38108446671438
688,448,10468,1,1,66.41836673824862
748,508,10482,1,1,65.11348723455022
599,869,10500,1,0,60.05759696704578
692,452,10697,1,1,67.17333273681697
634,394,10813,0,1,68.33840372226199
397,637,11059,0,0,65.78456812216655
398,638,11097,1,0,68.4968533762825
763,523,11398,2,1,66.57681639226914
319,529,11742,0,0,68.61003170058287
531,771,11871,2,0,62.36391970890001
472,712,11933,0,0,66.74458661417322
593,353,12004,0,1,68.86967609162491
834,594,12069,0,1,66.61409866380338
535,295,12099,0,1,67.2385767120019
417,657,12270,1,0,67.39702636602242
780,540,12437,1,1,66.1201085659747
544,784,12702,1,0,67.07080649009782
726,486,12777,1,1,66.25059651634454
336,546,12794,2,0,68.55677131267682
677,437,13441,0,1,67.76984908136482
594,354,13868,2,1,68.19859520400858
505,745,13945,1,0,68.46889167263183
628,418,14136,2,1,67.49156355455567
329,569,14210,0,0,66.9589596754951
753,513,14394,1,1,64.87115246957765
338,578,14745,1,0,67.90033703173467
588,828,15351,1,0,64.80590849439274
530,770,15472,1,0,67.69528453829633
831,561,15561,1,1,63.03189374055515
473,713,15637,2,0,67.46227034120734
593,863,15682,0,0,60.62925846390413
654,414,15755,2,1,67.35042352660463
775,535,15786,1,1,66.1667114053925
776,536,15822,1,1,66.68866320687187
476,716,15852,2,0,67.63004056311142
778,538,15956,1,1,67.60207885946075
482,722,16247,0,0,66.85643342877594
484,724,16335,2,0,67.59275829157718
634,904,16372,0,0,60.83638219464991
668,428,16628,1,1,68.01218384633738
553,793,16939,1,0,66.08282629444047
494,734,16972,1,0,68.34772429014555
798,558,17215,1,1,64.59153543307086
682,442,17461,0,1,67.61139942734431
809,569,17952,2,1,64.21871271772845
636,906,18363,0,0,60.84466714387973
456,696,18388,0,0,66.7725483178239
758,518,18516,1,1,66.84711286089238
430,670,18600,1,0,69.1492931281317
460,700,18645,0,0,68.94424063469339
731,461,18693,1,1,65.37653437259735
405,645,18946,1,0,68.64598246241947
469,709,19159,2,0,69.93222083035074
472,712,19354,1,0,68.02150441422094
456,696,20246,1,0,67.72324624194702
696,456,20263,1,1,66.17603197327605
823,553,20762,2,1,63.644979983562656
567,837,21570,1,0,62.89104960364802
778,538,21685,0,1,66.13874970174182
633,903,21959,0,0,60.81981229619024
583,823,22623,1,0,65.55155392507754
814,574,23939,1,1,63.68744034836554
756,516,24047,0,1,67.2851795514197
817,547,24086,1,1,64.27463612502982
823,583,24551,2,1,62.568972202338344
796,556,24722,0,1,66.47429014554997
561,801,25033,1,0,67.01488308279646
533,773,25184,0,0,63.98569852063946
838,598,25501,2,1,63.4171438797423
790,550,26206,0,1,65.7472858506323
637,877,27934,0,0,62.05634096874254
831,591,28866,0,1,67.08944762586495
875,605,29800,2,1,60.81981229619024
851,581,30191,0,1,65.50080861104482
859,589,30747,1,1,63.40471645589755
